INSERT INTO train_stop (id, name, latitude, longitude)
VALUES (1, 'Skopje', 41.991045, 21.44569),
       (2, 'Veles', 41.724029, 21.769771),
       (3, 'Gevgelija', 41.1436695, 22.5121681),
       (4, 'Bitola', 41.020136, 21.342847),
       (5, 'Kichevo', 41.512833, 20.949694),
       (6, 'Kochani', 41.91254, 22.41542),
       (7, 'Lisice', 41.967306, 21.478832),
       (8, 'Drachevo', 41.939892, 21.535094),
       (9, 'Jane Sandanski', 41.907366, 21.593748),
       (10, 'Oreshani', 41.898762, 21.605378),
       (11, 'Zelenikovo Novo', 41.886173, 21.587798),
       (12, 'Zelenikovo', 41.872287, 21.604978),
       (13, 'Smesnica', 41.84534, 21.62813),
       (14, 'Kadina Reka', 41.832181, 21.639886),
       (15, 'Pcinja', 41.818474, 21.670003),
       (16, 'Rajko Zhinzifov', 41.78826, 21.70171),
       (17, 'Zgropoltsi', 41.6584822, 21.8736967),
       (18, 'Nogaevci', 41.6252187, 21.8982767),
       (19, 'Vinichani', 41.5995405, 21.9117278),
       (20, 'Gradsko', 41.5794465, 21.9448996),
       (21, 'Stobi', 41.5547397, 21.9783126),
       (22, 'Kukurichani', 41.5480362, 22.0389765),
       (23, 'Crveni Bregovi', 41.5391156, 22.0909626),
       (24, 'Krivolak', 41.5221628, 22.1169337),
       (25, 'Negotino Vardar', 41.4976957, 22.1044844),
       (26, 'Dubrovo', 41.4632323, 22.151679),
       (27, 'Demir Kapija', 41.4093676, 22.2448902),
       (28, 'Klisura', 41.3926378, 22.3149557),
       (29, 'Miravci', 41.3245375, 22.4442363),
       (30, 'Miletikovo', 41.2929918, 22.4751231),
       (31, 'Smokvica Nova', 41.2785942, 22.4798905),
       (32, 'Smokvica', 41.2614565, 22.4792051),
       (33, 'Prdejci', 41.2097412, 22.505915),
       (34, 'Kosulchevi', 41.7710863, 21.7807508),
       (35, 'Jazla', 41.7798413, 21.8176811),
       (36, 'Tosho Arsov', 41.7990732, 21.8824657),
       (37, 'Orce', 41.78351, 21.9058536),
       (38, 'Ovche Pole', 41.8052596, 22.009438),
       (39, 'Stip', 41.7557403, 22.1735049),
       (40, 'Balvan', 41.8050171, 22.2039192),
       (41, 'Vancho Prke', 41.8498386, 22.2385071),
       (42, 'Zletovica', 41.8707777, 22.2497533),
       (43, 'Sokolarci', 41.8763515, 22.2957201),
       (44, 'Obleshevo', 41.8876284, 22.3347721),
       (45, 'Prevalec', 41.6985523, 21.7541007),
       (46, 'Topolka', 41.6790929, 21.7443322),
       (47, 'Čaška', 41.6473084, 21.6933905),
       (48, 'Stari Grad', 41.578044, 21.6798868),
       (49, 'Martolci', 41.560037, 21.655548),
       (50, 'Vasil Antevski', 41.55171, 21.6100934),
       (51, 'Teovo', 41.5790222, 21.5737957),
       (52, 'Sogle', 41.5913265, 21.5559719),
       (53, 'Bistrica', 41.5902491, 21.514688),
       (54, 'Bogomila', 41.5958785, 21.4838726),
       (55, 'Oreše', 41.6057969, 21.450383),
       (56, 'Gostiražni', 41.5494662, 21.432091),
       (57, 'Slepče', 41.503812, 21.4296431),
       (58, 'Brailovo', 41.4609902, 21.4568395),
       (59, 'Senokos', 41.4113893, 21.4770807),
       (60, 'Galičani', 41.3107643, 21.4863569),
       (61, 'Bakarno Gumno', 41.2720185, 21.4181181),
       (62, 'Trojkrsti', 41.2406655, 21.4085048),
       (63, 'Novoselani', 41.2239446, 21.4021201),
       (64, 'Loznani', 41.2082445, 21.4078934),
       (65, 'Vašarejca', 41.1739342, 21.4026132),
       (66, 'Kravari', 40.99144, 21.38409),
       (67, 'Žabeni', 40.94622, 21.42831),
       (69, 'Madzhari', 41.9942355, 21.4989351),
       (70, 'Ilinden', 41.9984918, 21.5761025),
       (71, 'Miladinovci', 41.9879019, 21.6504137),
       (72, 'Deljadrovci', 42.0165572, 21.6683664),
       (73, 'Agino Selo', 42.0482386, 21.6786341),
       (74, 'Romanovce', 42.0725655, 21.6788966),
       (75, 'Prevoj', 42.093147, 21.6899764),
       (76, 'Kumanovo', 42.1297906, 21.6848504),
       (77, 'Prilep', 41.3439374, 21.5378816),
       (78, 'Skopje Sever', 42.026638, 21.4400096),
       (79, 'Gjorče Petrov', 42.0174648, 21.3642755),
       (80, 'Volkovo', 42.0470435, 21.3539782),
       (81, 'Saraj', 42.0098794, 21.3333655),
       (82, 'Svilare', 42.0145726, 21.2928522),
       (83, 'Raduša', 42.0827496, 21.2215388),
       (84, 'Ratae', 42.0426807, 21.0456273),
       (85, 'Jegunovce Fabrika', 42.0697481, 21.1151603),
       (86, 'Jegunovce', 42.0793552, 21.1179976),
       (87, 'Brvenica', 41.984632, 20.9662862),
       (88, 'Tetovo', 42.007305, 20.9869215),
       (89, 'Železarnica', 42.0109664, 21.462753),
       (90, 'Žerovjane', 41.9170146, 20.9445884),
       (91, 'Vranovci', 41.8518232, 20.9287105),
       (92, 'Gostivar', 41.7964482, 20.9172791),
       (93, 'Lakavica', 41.7443353, 20.9275742),
       (94, 'Padalište', 41.6856193, 20.9634136),
       (95, 'Zajas', 41.6178861, 20.9383045),
       (96, 'Strogomište', 41.5982707, 20.9584572),
       (97, 'Dlapkin Dol', 41.5650971, 20.9567704),
       (98, 'Blace', 42.131535, 21.308724),
       (99, 'Orašje', 42.103299, 21.171166) ON CONFLICT (id) DO NOTHING;
----------------------------------------------------------------------------------
INSERT INTO train_route (id, name, route_distance, total_route_time, end_station_id, start_station_id, is_working, center_latitude, center_longitude, zoom_level)
VALUES
    (1, 'Skopje - Veles', 52, 52, 2, 1, true, 41.8668, 21.5967, 11),
    (2, 'Skopje - Gevgelija', 170, 180, 3, 1, true, 41.641, 21.919, 9),
    (3, 'Skopje - Bitola', 200, 204, 4, 1, true, 41.573, 21.3, 9),
    (4, 'Skopje - Kichevo', 112, 150, 5, 1, true, 41.8613, 21.2537, 10),
    (5, 'Skopje - Kochani', 130, 130, 6, 1, true, 41.9079, 21.9678, 10),
    (6, 'Skopje - Tabanovce', 33.3, 43, 76, 1, true, 42.0921, 21.5912, 11),
    (7, 'Skopje - Prishtina', 90, 110, 98, 1, true, 42.0578, 21.3882, 11),
    (8, 'Veles - Skopje', 52, 52, 2, 1, true, 41.8668, 21.5967, 11),
    (9, 'Tabanovce - Skopje', 33.3, 43, 76, 1, true, 42.0921, 21.5912, 11),
    (10, 'Gevgelija - Skopje', 170, 180, 3, 1, true, 41.641, 21.919, 9),
    (11, 'Bitola - Skopje', 200, 204, 4, 1, true, 41.573, 21.3, 9),
    (12, 'Kichevo - Skopje', 112, 150, 5, 1, true, 41.8613, 21.2537, 10),
    (13, 'Kochani - Skopje', 130, 130, 6, 1, true, 41.9079, 21.9678, 10),
    (14, 'Prishtina - Skopje', 90, 110, 98, 1, true, 42.0578, 21.3882, 11)
    ON CONFLICT (id) DO NOTHING;
----------------------------------------------------------------------------------
INSERT INTO train_route_stop (id, station_sequence_number, train_route_id, train_stop_id)
VALUES
    (1, 1, 1, 1),
    (2, 2, 1, 7),
    (3, 3, 1, 8),
    (4, 4, 1, 9),
    (5, 5, 1, 10),
    (6, 6, 1, 11),
    (7, 7, 1, 12),
    (8, 8, 1, 13),
    (9, 9, 1, 14),
    (10, 10, 1, 15),
    (11, 11, 1, 16),
    (12, 12, 1, 2),
    (13, 1, 2, 1),
    (14, 2, 2, 7),
    (15, 3, 2, 8),
    (16, 4, 2, 9),
    (17, 5, 2, 10),
    (18, 6, 2, 11),
    (19, 7, 2, 12),
    (20, 8, 2, 13),
    (21, 9, 2, 14),
    (22, 10, 2, 15),
    (23, 11, 2, 16),
    (24, 12, 2, 2),
    (25, 13, 2, 17),
    (26, 14, 2, 18),
    (27, 15, 2, 19),
    (28, 16, 2, 20),
    (29, 17, 2, 21),
    (30, 18, 2, 22),
    (31, 19, 2, 23),
    (32, 20, 2, 24),
    (33, 21, 2, 25),
    (34, 22, 2, 26),
    (35, 23, 2, 27),
    (36, 24, 2, 28),
    (37, 25, 2, 29),
    (38, 26, 2, 30),
    (39, 27, 2, 31),
    (40, 28, 2, 32),
    (41, 29, 2, 33),
    (42, 30, 2, 3),
    (43, 1, 5, 1),
    (44, 2, 5, 7),
    (45, 3, 5, 8),
    (46, 4, 5, 9),
    (47, 5, 5, 10),
    (48, 6, 5, 11),
    (49, 7, 5, 12),
    (50, 8, 5, 13),
    (51, 9, 5, 14),
    (52, 10, 5, 15),
    (53, 11, 5, 16),
    (54, 12, 5, 2),
    (55, 13, 5, 34),
    (56, 15, 5, 35),
    (57, 16, 5, 36),
    (58, 17, 5, 37),
    (59, 18, 5, 38),
    (60, 19, 5, 39),
    (61, 20, 5, 40),
    (62, 21, 5, 41),
    (63, 22, 5, 42),
    (64, 23, 5, 43),
    (65, 24, 5, 44),
    (66, 25, 5, 6),
    (67, 1, 3, 1),
    (68, 2, 3, 7),
    (69, 3, 3, 8),
    (70, 4, 3, 9),
    (71, 5, 3, 10),
    (72, 6, 3, 11),
    (73, 7, 3, 12),
    (74, 8, 3, 13),
    (75, 9, 3, 14),
    (76, 10, 3, 15),
    (77, 11, 3, 16),
    (78, 12, 3, 2),
    (79, 13, 3, 45),
    (80, 14, 3, 46),
    (81, 15, 3, 47),
    (82, 16, 3, 48),
    (83, 17, 3, 49),
    (84, 18, 3, 50),
    (85, 19, 3, 51),
    (86, 20, 3, 52),
    (87, 21, 3, 53),
    (88, 22, 3, 54),
    (89, 23, 3, 55),
    (90, 24, 3, 56),
    (91, 25, 3, 57),
    (92, 26, 3, 58),
    (93, 27, 3, 59),
    (94, 28, 3, 77),
    (95, 29, 3, 60),
    (96, 30, 3, 61),
    (97, 31, 3, 62),
    (98, 32, 3, 63),
    (99, 33, 3, 64),
    (100, 34, 3, 65),
    (101, 35, 3, 4),
    (102, 36, 3, 66),
    (103, 37, 3, 67),
    (104, 1, 6, 1),
    (105, 2, 6, 69),
    (106, 3, 6, 70),
    (107, 4, 6, 71),
    (108, 5, 6, 72),
    (109, 6, 6, 73),
    (110, 7, 6, 74),
    (111, 8, 6, 75),
    (112, 9, 6, 76),
    (113, 3, 4, 78),
    (114, 4, 4, 79),
    (116, 5, 4, 81),
    (117, 6, 4, 82),
    (118, 7, 4, 83),
    (119, 11, 4, 84),
    (120, 10, 4, 85),
    (121, 9, 4, 86),
    (122, 13, 4, 87),
    (123, 12, 4, 88),
    (124, 2, 4, 89),
    (125, 14, 4, 90),
    (126, 15, 4, 91),
    (127, 16, 4, 92),
    (128, 17, 4, 93),
    (129, 18, 4, 94),
    (130, 19, 4, 95),
    (131, 20, 4, 96),
    (132, 21, 4, 97),
    (133, 1, 7, 1),
    (134, 2, 7, 89),
    (135, 3, 7, 78),
    (136, 4, 7, 79),
    (137, 5, 7, 80),
    (138, 6, 7, 98),
    (139, 1, 4, 1),
    (140, 22, 4, 5),
    (141, 8, 4, 99),
    (142, 1, 8, 2),
    (143, 2, 8, 16),
    (144, 3, 8, 15),
    (145, 4, 8, 14),
    (146, 5, 8, 13),
    (147, 6, 8, 12),
    (148, 7, 8, 11),
    (149, 8, 8, 10),
    (150, 9, 8, 9),
    (151, 10, 8, 8),
    (152, 11, 8, 7),
    (153, 12, 8, 1),
    (154, 1, 10, 3),
    (155, 2, 10, 33),
    (156, 3, 10, 32),
    (157, 4, 10, 31),
    (158, 5, 10, 30),
    (159, 6, 10, 29),
    (160, 7, 10, 28),
    (161, 8, 10, 27),
    (162, 9, 10, 26),
    (163, 10, 10, 25),
    (164, 11, 10, 24),
    (165, 12, 10, 23),
    (166, 13, 10, 22),
    (167, 14, 10, 21),
    (168, 15, 10, 20),
    (169, 16, 10, 19),
    (170, 17, 10, 18),
    (171, 18, 10, 17),
    (172, 19, 10, 2),
    (173, 20, 10, 16),
    (174, 21, 10, 15),
    (175, 22, 10, 14),
    (176, 23, 10, 13),
    (177, 24, 10, 12),
    (178, 25, 10, 11),
    (179, 26, 10, 10),
    (180, 27, 10, 9),
    (181, 28, 10, 8),
    (182, 29, 10, 7),
    (183, 30, 10, 1),
    (184, 1, 13, 6),
    (185, 2, 13, 44),
    (186, 3, 13, 43),
    (187, 4, 13, 42),
    (188, 5, 13, 41),
    (189, 6, 13, 40),
    (190, 7, 13, 39),
    (191, 8, 13, 38),
    (192, 9, 13, 37),
    (193, 10, 13, 36),
    (194, 1, 11, 67),
    (195, 2, 11, 66),
    (196, 3, 11, 4),
    (197, 4, 11, 65),
    (198, 5, 11, 64),
    (199, 6, 11, 63),
    (200, 7, 11, 62),
    (201, 8, 11, 61),
    (202, 9, 11, 60),
    (203, 10, 11, 77),
    (204, 11, 11, 59),
    (205, 12, 11, 58),
    (206, 13, 11, 57),
    (207, 14, 11, 56),
    (208, 15, 11, 55),
    (209, 16, 11, 54),
    (210, 17, 11, 53),
    (211, 18, 11, 52),
    (212, 19, 11, 51),
    (213, 20, 11, 50),
    (214, 21, 11, 49),
    (215, 22, 11, 48),
    (216, 23, 11, 47),
    (217, 24, 11, 46),
    (218, 25, 11, 45),
    (219, 26, 11, 2),
    (220, 27, 11, 16),
    (221, 28, 11, 15),
    (222, 29, 11, 14),
    (223, 30, 11, 13),
    (224, 31, 11, 12),
    (225, 32, 11, 11),
    (226, 33, 11, 10),
    (227, 34, 11, 9),
    (228, 35, 11, 8),
    (229, 36, 11, 7),
    (230, 37, 11, 1),
    (231, 1, 14, 98),
    (232, 2, 14, 80),
    (233, 3, 14, 79),
    (234, 4, 14, 78),
    (235, 5, 14, 89),
    (236, 6, 14, 1),
    (237, 1, 12, 5),
    (238, 2, 12, 97),
    (239, 3, 12, 96),
    (240, 4, 12, 95),
    (241, 5, 12, 94),
    (242, 6, 12, 93),
    (243, 7, 12, 92),
    (244, 8, 12, 91),
    (245, 9, 12, 90),
    (246, 10, 12, 87),
    (247, 11, 12, 88),
    (248, 12, 12, 84),
    (249, 13, 12, 86),
    (250, 14, 12, 85),
    (251, 15, 12, 99),
    (252, 16, 12, 83),
    (253, 17, 12, 82),
    (254, 18, 12, 81),
    (255, 19, 12, 79),
    (256, 20, 12, 78),
    (257, 21, 12, 89),
    (258, 22, 12, 1),
    (259, 1, 9, 76),
    (260, 2, 9, 75),
    (261, 3, 9, 74),
    (262, 4, 9, 73),
    (263, 5, 9, 72),
    (264, 6, 9, 71),
    (265, 7, 9, 70),
    (266, 8, 9, 69),
    (267, 9, 9, 1),
    (268, 11, 13, 35),
    (269, 12, 13, 34),
    (270, 13, 13, 2),
    (271, 14, 13, 2),
    (272, 15, 13, 16),
    (273, 16, 13, 15),
    (274, 17, 13, 14),
    (275, 18, 13, 13),
    (276, 19, 13, 12),
    (277, 20, 13, 11),
    (278, 21, 13, 10),
    (279, 22, 13, 9),
    (280, 23, 13, 8),
    (281, 24, 13, 7),
    (282, 25, 13, 1)
    ON CONFLICT (id) DO NOTHING;
----------------------------------------------------------------------------------
INSERT INTO train (id, speed, name, route_id)
VALUES (1, 75, 'Train 611', 1),
       (2, 75, 'Train 641', 1),
       (3, 75, 'Train 601', 1),
       (4, 76, 'Train 2081', 1),
       (5, 76, 'Train 643', 1),
       (6, 76, 'Train 631', 1),
       (7, 76, 'Train 645', 1),
       (8, 76, 'Train 2083', 1),
       (9, 76, 'Train 2020', 6),
       (10, 76, 'Train 2022', 6),
       (11, 76, 'Train 611', 2),
       (12, 76, 'Train 631', 2),
       (13, 76, 'Train 651', 5),
       (14, 76, 'Train 641', 3),
       (15, 76, 'Train 643', 3),
       (16, 76, 'Train 645', 3),
       (17, 76, 'Train 660', 4),
       (18, 76, 'Train 600', 8),
       (19, 76, 'Train 640', 8),
       (20, 76, 'Train 630', 8),
       (21, 76, 'Train 2080', 8),
       (22, 76, 'Train 2082', 8),
       (23, 76, 'Train 642', 8),
       (24, 76, 'Train 632', 8),
       (25, 76, 'Train 644', 8),
       (28, 76, 'Train 630', 10),
       (29, 76, 'Train 632', 10),
       (30, 76, 'Train 650', 13),
       (31, 76, 'Train 640', 11),
       (32, 76, 'Train 642', 11),
       (33, 76, 'Train 644', 11),
       (34, 76, 'Train 891', 14),
       (35, 76, 'Train 661', 12),
       (37, 76, 'Train 2021', 9),
       (38, 76, 'Train 2023', 9) ON CONFLICT (id) DO NOTHING;
----------------------------------------------------------------------------------
INSERT INTO train_stop_time (id, train_id, train_route_stop_id, train_stop_time)
VALUES (2, 1, 1, '06:20:00'),
       (3, 1, 2, '06:30:00'),
       (4, 1, 3, '06:36:00'),
       (5, 1, 4, '06:45:00'),
       (6, 1, 5, '06:47:00'),
       (7, 1, 6, '06:50:00'),
       (8, 1, 7, '06:53:00'),
       (9, 1, 8, '06:57:00'),
       (10, 1, 9, '07:00:00'),
       (11, 1, 10, '07:05:00'),
       (12, 1, 11, '07:10:00'),
       (13, 1, 12, '07:22:00'),
       (14, 2, 1, '07:06:00'),
       (15, 2, 2, '07:12:00'),
       (16, 2, 3, '07:18:00'),
       (17, 2, 4, '07:23:00'),
       (18, 2, 5, '07:25:00'),
       (19, 2, 6, '07:28:00'),
       (20, 2, 7, '07:31:00'),
       (21, 2, 8, '07:35:00'),
       (22, 2, 9, '07:39:00'),
       (23, 2, 10, '07:43:00'),
       (24, 2, 11, '07:47:00'),
       (25, 2, 12, '07:59:00'),
       (26, 3, 1, '08:00:00'),
       (27, 3, 2, '08:06:00'),
       (28, 3, 3, '08:12:00'),
       (29, 3, 4, '08:17:00'),
       (30, 3, 5, '08:19:00'),
       (31, 3, 6, '08:22:00'),
       (32, 3, 7, '08:25:00'),
       (33, 3, 8, '08:29:00'),
       (34, 3, 9, '08:33:00'),
       (35, 3, 10, '08:37:00'),
       (36, 3, 11, '08:42:00'),
       (37, 3, 12, '08:52:00'),
       (38, 4, 1, '13:20:00'),
       (39, 4, 2, '13:26:00'),
       (40, 4, 3, '13:32:00'),
       (41, 4, 4, '13:37:00'),
       (42, 4, 5, '13:39:00'),
       (43, 4, 6, '13:42:00'),
       (44, 4, 7, '13:45:00'),
       (45, 4, 8, '13:49:00'),
       (46, 4, 9, '13:53:00'),
       (47, 4, 10, '13:57:00'),
       (48, 4, 11, '14:02:00'),
       (49, 4, 12, '14:12:00'),
       (50, 5, 1, '14:30:00'),
       (51, 5, 2, '14:36:00'),
       (52, 5, 3, '14:42:00'),
       (53, 5, 4, '14:47:00'),
       (54, 5, 5, '14:49:00'),
       (55, 5, 6, '14:52:00'),
       (56, 5, 7, '14:55:00'),
       (57, 5, 8, '14:59:00'),
       (58, 5, 9, '15:05:00'),
       (59, 5, 10, '15:11:00'),
       (60, 5, 11, '15:16:00'),
       (61, 5, 12, '15:22:00'),
       (62, 6, 1, '16:55:00'),
       (63, 6, 2, '17:01:00'),
       (64, 6, 3, '17:07:00'),
       (65, 6, 4, '17:12:00'),
       (66, 6, 5, '17:14:00'),
       (67, 6, 6, '17:17:00'),
       (68, 6, 7, '17:20:00'),
       (69, 6, 8, '17:24:00'),
       (70, 6, 9, '17:28:00'),
       (71, 6, 10, '17:31:00'),
       (72, 6, 11, '17:36:00'),
       (73, 6, 12, '17:46:00'),
       (74, 7, 1, '20:05:00'),
       (75, 7, 2, '20:11:00'),
       (76, 7, 3, '20:17:00'),
       (77, 7, 4, '20:22:00'),
       (78, 7, 5, '20:24:00'),
       (79, 7, 6, '20:27:00'),
       (80, 7, 7, '20:30:00'),
       (81, 7, 8, '20:34:00'),
       (82, 7, 9, '20:40:00'),
       (83, 7, 10, '20:43:00'),
       (84, 7, 11, '20:46:00'),
       (85, 7, 12, '20:57:00'),
       (86, 8, 1, '22:40:00'),
       (87, 8, 2, '22:46:00'),
       (88, 8, 3, '22:52:00'),
       (89, 8, 4, '22:57:00'),
       (90, 8, 5, '22:59:00'),
       (91, 8, 6, '23:02:00'),
       (92, 8, 7, '23:05:00'),
       (93, 8, 8, '23:09:00'),
       (94, 8, 9, '23:13:00'),
       (95, 8, 10, '23:17:00'),
       (96, 8, 11, '23:22:00'),
       (97, 8, 12, '23:32:00'),
       (98, 9, 104, '04:57:00'),
       (99, 9, 105, '05:02:00'),
       (100, 9, 106, '05:11:00'),
       (101, 9, 107, '05:18:00'),
       (102, 9, 108, '05:23:00'),
       (103, 9, 109, '05:27:00'),
       (104, 9, 110, '05:31:00'),
       (105, 9, 111, '05:35:00'),
       (106, 9, 112, '05:40:00'),
       (107, 10, 104, '16:37:00'),
       (108, 10, 105, '16:42:00'),
       (109, 10, 106, '16:51:00'),
       (110, 10, 107, '16:58:00'),
       (111, 10, 108, '17:03:00'),
       (112, 10, 109, '17:07:00'),
       (113, 10, 110, '17:11:00'),
       (114, 10, 111, '17:15:00'),
       (115, 10, 112, '17:20:00'),
       (116, 11, 13, '06:20:00'),
       (117, 11, 14, '06:30:00'),
       (118, 11, 15, '06:36:00'),
       (119, 11, 16, '06:45:00'),
       (120, 11, 17, '06:47:00'),
       (121, 11, 18, '06:50:00'),
       (122, 11, 19, '06:53:00'),
       (123, 11, 20, '06:57:00'),
       (124, 11, 21, '07:01:00'),
       (125, 11, 22, '07:05:00'),
       (126, 11, 23, '07:10:00'),
       (127, 11, 24, '07:22:00'),
       (128, 11, 25, '07:32:00'),
       (129, 11, 26, '07:41:00'),
       (130, 11, 27, '07:44:00'),
       (131, 11, 28, '07:47:00'),
       (132, 11, 29, '07:50:00'),
       (133, 11, 30, '07:53:00'),
       (134, 11, 31, '07:59:00'),
       (135, 11, 32, '08:03:00'),
       (136, 11, 33, '08:07:00'),
       (137, 11, 34, '08:13:00'),
       (138, 11, 35, '08:23:00'),
       (139, 11, 36, '08:33:00'),
       (140, 11, 37, '08:42:00'),
       (141, 11, 38, '08:46:00'),
       (142, 11, 39, '08:49:00'),
       (143, 11, 40, '08:52:00'),
       (144, 11, 41, '09:05:00'),
       (145, 11, 42, '09:11:00'),
       (146, 12, 13, '16:55:00'),
       (147, 12, 14, '17:01:00'),
       (148, 12, 15, '17:07:00'),
       (149, 12, 16, '17:12:00'),
       (150, 12, 17, '17:14:00'),
       (151, 12, 18, '17:17:00'),
       (152, 12, 19, '17:20:00'),
       (153, 12, 20, '17:24:00'),
       (154, 12, 21, '17:27:00'),
       (155, 12, 22, '17:31:00'),
       (156, 12, 23, '17:36:00'),
       (157, 12, 24, '17:47:00'),
       (158, 12, 25, '17:56:00'),
       (159, 12, 26, '18:06:00'),
       (160, 12, 27, '18:09:00'),
       (161, 12, 28, '18:16:00'),
       (162, 12, 29, '18:22:00'),
       (163, 12, 30, '18:25:00'),
       (164, 12, 31, '18:28:00'),
       (165, 12, 32, '18:32:00'),
       (166, 12, 33, '18:36:00'),
       (167, 12, 34, '18:42:00'),
       (168, 12, 35, '18:52:00'),
       (169, 12, 36, '19:01:00'),
       (170, 12, 37, '19:11:00'),
       (171, 12, 38, '19:15:00'),
       (172, 12, 39, '19:18:00'),
       (173, 12, 40, '19:20:00'),
       (174, 12, 41, '19:22:00'),
       (175, 12, 42, '19:28:00'),
       (176, 13, 43, '15:23:00'),
       (177, 13, 44, '15:29:00'),
       (178, 13, 45, '15:35:00'),
       (179, 13, 46, '15:40:00'),
       (180, 13, 47, '15:42:00'),
       (181, 13, 48, '15:45:00'),
       (182, 13, 49, '15:52:00'),
       (183, 13, 50, '15:56:00'),
       (184, 13, 51, '15:58:00'),
       (185, 13, 52, '16:04:00'),
       (186, 13, 53, '16:09:00'),
       (187, 13, 54, '16:21:00'),
       (188, 13, 55, '16:28:00'),
       (189, 13, 56, '16:32:00'),
       (190, 13, 57, '16:36:00'),
       (191, 13, 58, '16:44:00'),
       (192, 13, 59, '16:50:00'),
       (193, 13, 60, '17:04:00'),
       (194, 13, 61, '17:23:00'),
       (195, 13, 62, '17:34:00'),
       (196, 13, 63, '17:42:00'),
       (197, 13, 64, '17:47:00'),
       (198, 13, 65, '17:53:00'),
       (199, 13, 66, '17:58:00'),
       (200, 13, 67, '18:13:00'),
       (201, 14, 67, '07:06:00'),
       (202, 14, 68, '07:12:00'),
       (203, 14, 69, '07:18:00'),
       (204, 14, 70, '07:23:00'),
       (205, 14, 71, '07:25:00'),
       (206, 14, 72, '07:28:00'),
       (207, 14, 73, '07:31:00'),
       (208, 14, 74, '07:36:00'),
       (209, 14, 75, '07:39:00'),
       (210, 14, 76, '07:43:00'),
       (211, 14, 77, '07:47:00'),
       (212, 14, 78, '07:59:00'),
       (213, 14, 79, '08:05:00'),
       (214, 14, 80, '08:11:00'),
       (215, 14, 81, '08:17:00'),
       (216, 14, 82, '08:27:00'),
       (217, 14, 83, '08:33:00'),
       (218, 14, 84, '08:40:00'),
       (219, 14, 85, '08:44:00'),
       (220, 14, 86, '08:47:00'),
       (221, 14, 87, '08:51:00'),
       (222, 14, 88, '08:55:00'),
       (223, 14, 89, '09:03:00'),
       (224, 14, 90, '09:14:00'),
       (225, 14, 91, '09:21:00'),
       (226, 14, 92, '09:28:00'),
       (227, 14, 93, '09:33:00'),
       (228, 14, 94, '09:44:00'),
       (229, 14, 95, '09:50:00'),
       (230, 14, 96, '09:57:00'),
       (231, 14, 97, '10:02:00'),
       (232, 14, 98, '10:06:00'),
       (233, 14, 99, '10:10:00'),
       (234, 14, 100, '10:14:00'),
       (235, 14, 101, '10:31:00'),
       (236, 14, 102, '10:49:00'),
       (237, 14, 103, '10:54:00'),
       (238, 15, 67, '14:30:00'),
       (239, 15, 68, '14:36:00'),
       (240, 15, 69, '14:42:00'),
       (241, 15, 70, '14:47:00'),
       (242, 15, 71, '14:49:00'),
       (243, 15, 72, '14:52:00'),
       (244, 15, 73, '14:55:00'),
       (245, 15, 74, '15:00:00'),
       (246, 15, 75, '15:03:00'),
       (247, 15, 76, '15:07:00'),
       (248, 15, 77, '15:11:00'),
       (249, 15, 78, '15:25:00'),
       (250, 15, 79, '15:31:00'),
       (251, 15, 80, '15:37:00'),
       (252, 15, 81, '15:43:00'),
       (253, 15, 82, '15:53:00'),
       (254, 15, 83, '15:59:00'),
       (255, 15, 84, '16:06:00'),
       (256, 15, 85, '16:10:00'),
       (257, 15, 86, '16:13:00'),
       (258, 15, 87, '16:17:00'),
       (259, 15, 88, '16:21:00'),
       (260, 15, 89, '16:29:00'),
       (261, 15, 90, '16:39:00'),
       (262, 15, 91, '16:46:00'),
       (263, 15, 92, '16:53:00'),
       (264, 15, 93, '16:58:00'),
       (265, 15, 94, '17:09:00'),
       (266, 15, 95, '17:15:00'),
       (267, 15, 96, '17:22:00'),
       (268, 15, 97, '17:27:00'),
       (269, 15, 98, '17:31:00'),
       (270, 15, 99, '17:35:00'),
       (271, 15, 100, '17:39:00'),
       (272, 15, 101, '17:56:00'),
       (273, 15, 102, '18:00:00'),
       (274, 15, 103, '18:04:00'),
       (275, 16, 67, '20:05:00'),
       (276, 16, 68, '20:11:00'),
       (277, 16, 69, '20:17:00'),
       (278, 16, 70, '20:22:00'),
       (279, 16, 71, '20:24:00'),
       (280, 16, 72, '20:27:00'),
       (281, 16, 73, '20:30:00'),
       (282, 16, 74, '20:35:00'),
       (283, 16, 75, '20:38:00'),
       (284, 16, 76, '20:42:00'),
       (285, 16, 77, '20:46:00'),
       (286, 16, 78, '20:58:00'),
       (287, 16, 79, '21:04:00'),
       (288, 16, 80, '21:10:00'),
       (289, 16, 81, '21:16:00'),
       (290, 16, 82, '21:26:00'),
       (291, 16, 83, '21:32:00'),
       (292, 16, 84, '21:39:00'),
       (293, 16, 85, '21:43:00'),
       (294, 16, 86, '21:44:00'),
       (295, 16, 87, '21:50:00'),
       (296, 16, 88, '21:54:00'),
       (297, 16, 89, '22:02:00'),
       (298, 16, 90, '22:12:00'),
       (299, 16, 91, '22:19:00'),
       (300, 16, 92, '22:26:00'),
       (301, 16, 93, '22:31:00'),
       (302, 16, 94, '22:42:00'),
       (303, 16, 95, '22:48:00'),
       (304, 16, 96, '22:55:00'),
       (305, 16, 97, '23:00:00'),
       (306, 16, 98, '23:04:00'),
       (307, 16, 99, '23:08:00'),
       (308, 16, 100, '23:12:00'),
       (309, 16, 101, '23:29:00'),
       (310, 16, 102, '23:33:00'),
       (311, 16, 103, '23:37:00'),
       (312, 17, 139, '16:45:00'),
       (313, 17, 124, '16:49:00'),
       (314, 17, 113, '16:53:00'),
       (315, 17, 114, '17:01:00'),
       (316, 17, 116, '17:06:00'),
       (317, 17, 117, '17:12:00'),
       (318, 17, 118, '17:21:00'),
       (319, 17, 141, '17:26:00'),
       (320, 17, 120, '17:32:00'),
       (321, 17, 119, '17:34:00'),
       (322, 17, 121, '17:41:00'),
       (323, 17, 123, '17:48:00'),
       (324, 17, 122, '17:50:00'),
       (325, 17, 125, '17:57:00'),
       (326, 17, 126, '18:08:00'),
       (327, 17, 127, '18:10:00'),
       (328, 17, 128, '18:17:00'),
       (329, 17, 129, '18:28:00'),
       (330, 17, 130, '18:35:00'),
       (331, 17, 131, '18:38:00'),
       (332, 17, 132, '18:41:00'),
       (333, 17, 140, '18:49:00'),
       (334, 18, 142, '05:00:00'),
       (335, 18, 143, '05:10:00'),
       (336, 18, 144, '05:15:00'),
       (337, 18, 145, '05:19:00'),
       (338, 18, 146, '05:23:00'),
       (339, 18, 147, '05:28:00'),
       (340, 18, 148, '05:30:00'),
       (341, 18, 149, '05:33:00'),
       (342, 18, 150, '05:35:00'),
       (343, 18, 151, '05:41:00'),
       (344, 18, 152, '05:47:00'),
       (345, 18, 153, '05:52:00'),
       (346, 19, 142, '05:43:00'),
       (347, 19, 143, '05:53:00'),
       (348, 19, 144, '06:02:00'),
       (349, 19, 145, '06:06:00'),
       (350, 19, 146, '06:08:00'),
       (351, 19, 147, '06:10:00'),
       (352, 19, 148, '06:12:00'),
       (353, 19, 149, '06:15:00'),
       (354, 19, 150, '06:17:00'),
       (355, 19, 151, '06:23:00'),
       (356, 19, 152, '06:29:00'),
       (357, 19, 153, '06:34:00'),
       (358, 20, 142, '06:09:00'),
       (359, 20, 143, '06:19:00'),
       (360, 20, 144, '06:24:00'),
       (361, 20, 145, '06:28:00'),
       (362, 20, 146, '06:32:00'),
       (363, 20, 147, '06:37:00'),
       (364, 20, 148, '06:39:00'),
       (365, 20, 149, '06:42:00'),
       (366, 20, 150, '06:44:00'),
       (367, 20, 151, '06:50:00'),
       (368, 20, 152, '06:56:00'),
       (369, 20, 153, '07:01:00'),
       (370, 21, 142, '12:10:00'),
       (371, 21, 143, '12:20:00'),
       (372, 21, 144, '12:25:00'),
       (373, 21, 145, '12:29:00'),
       (374, 21, 146, '12:33:00'),
       (375, 21, 147, '12:38:00'),
       (376, 21, 148, '12:40:00'),
       (377, 21, 149, '12:43:00'),
       (378, 21, 150, '12:45:00'),
       (379, 21, 151, '12:51:00'),
       (380, 21, 152, '12:57:00'),
       (381, 21, 153, '13:02:00'),
       (382, 22, 142, '14:24:00'),
       (383, 22, 143, '14:34:00'),
       (384, 22, 144, '14:39:00'),
       (385, 22, 145, '14:43:00'),
       (386, 22, 146, '14:47:00'),
       (387, 22, 147, '14:56:00'),
       (388, 22, 148, '14:58:00'),
       (389, 22, 149, '15:01:00'),
       (390, 22, 150, '15:03:00'),
       (391, 22, 151, '15:09:00'),
       (392, 22, 152, '15:15:00'),
       (393, 22, 153, '15:20:00'),
       (394, 23, 142, '15:24:00'),
       (395, 23, 143, '15:34:00'),
       (396, 23, 144, '15:42:00'),
       (397, 23, 145, '15:46:00'),
       (398, 23, 146, '15:48:00'),
       (399, 23, 147, '15:51:00'),
       (400, 23, 148, '15:53:00'),
       (401, 23, 149, '15:56:00'),
       (402, 23, 150, '15:58:00'),
       (403, 23, 151, '16:04:00'),
       (404, 23, 152, '16:10:00'),
       (405, 23, 153, '16:15:00'),
       (406, 24, 142, '18:40:00'),
       (407, 24, 143, '18:50:00'),
       (408, 24, 144, '18:55:00'),
       (409, 24, 145, '18:59:00'),
       (410, 24, 146, '19:03:00'),
       (411, 24, 147, '19:08:00'),
       (412, 24, 148, '19:10:00'),
       (413, 24, 149, '19:13:00'),
       (414, 24, 150, '19:15:00'),
       (415, 24, 151, '19:21:00'),
       (416, 24, 152, '19:27:00'),
       (417, 24, 153, '19:32:00'),
       (418, 25, 142, '20:57:00'),
       (419, 25, 143, '21:07:00'),
       (420, 25, 144, '21:13:00'),
       (421, 25, 145, '21:17:00'),
       (422, 25, 146, '21:20:00'),
       (423, 25, 147, '21:24:00'),
       (424, 25, 148, '21:26:00'),
       (425, 25, 149, '21:29:00'),
       (426, 25, 150, '21:31:00'),
       (427, 25, 151, '21:37:00'),
       (428, 25, 152, '21:43:00'),
       (429, 25, 153, '21:48:00'),
       (430, 28, 154, '04:30:00'),
       (431, 28, 155, '04:36:00'),
       (432, 28, 159, '04:48:00'),
       (433, 28, 161, '05:07:00'),
       (434, 28, 162, '05:17:00'),
       (435, 28, 163, '05:23:00'),
       (436, 28, 164, '05:26:00'),
       (437, 28, 168, '05:43:00'),
       (438, 28, 169, '05:45:00'),
       (439, 28, 170, '05:48:00'),
       (440, 28, 172, '06:09:00'),
       (441, 28, 173, '06:19:00'),
       (442, 28, 174, '06:24:00'),
       (443, 28, 176, '06:32:00'),
       (444, 28, 177, '06:37:00'),
       (445, 28, 178, '06:39:00'),
       (446, 28, 179, '06:42:00'),
       (447, 28, 180, '06:44:00'),
       (448, 28, 181, '06:50:00'),
       (449, 28, 182, '06:56:00'),
       (450, 28, 183, '07:01:00'),
       (451, 29, 154, '17:02:00'),
       (452, 29, 155, '17:08:00'),
       (453, 29, 159, '17:20:00'),
       (454, 29, 161, '17:39:00'),
       (455, 29, 162, '17:49:00'),
       (456, 29, 163, '17:55:00'),
       (457, 29, 164, '17:58:00'),
       (458, 29, 168, '18:15:00'),
       (459, 29, 169, '18:17:00'),
       (460, 29, 170, '18:20:00'),
       (461, 29, 172, '18:40:00'),
       (462, 29, 173, '18:50:00'),
       (463, 29, 174, '18:55:00'),
       (464, 29, 176, '19:03:00'),
       (465, 29, 177, '19:08:00'),
       (466, 29, 178, '19:10:00'),
       (467, 29, 179, '19:13:00'),
       (468, 29, 180, '19:15:00'),
       (469, 29, 181, '19:21:00'),
       (470, 29, 182, '19:27:00'),
       (471, 29, 183, '19:32:00'),
       (472, 31, 194, '03:00:00'),
       (473, 31, 195, '03:05:00'),
       (474, 31, 196, '03:10:00'),
       (475, 31, 197, '03:27:00'),
       (476, 31, 198, '03:31:00'),
       (477, 31, 199, '03:35:00'),
       (478, 31, 200, '03:39:00'),
       (479, 31, 201, '03:45:00'),
       (480, 31, 202, '03:51:00'),
       (481, 31, 203, '03:59:00'),
       (482, 31, 204, '04:08:00'),
       (483, 31, 205, '04:13:00'),
       (484, 31, 206, '04:20:00'),
       (485, 31, 207, '04:28:00'),
       (486, 31, 208, '04:38:00'),
       (487, 31, 209, '04:46:00'),
       (488, 31, 210, '04:49:00'),
       (489, 31, 211, '04:53:00'),
       (490, 31, 212, '04:56:00'),
       (491, 31, 213, '05:00:00'),
       (492, 31, 214, '05:07:00'),
       (493, 31, 215, '05:14:00'),
       (494, 31, 216, '05:24:00'),
       (495, 31, 217, '05:30:00'),
       (496, 31, 218, '05:35:00'),
       (497, 31, 219, '05:43:00'),
       (498, 31, 220, '05:53:00'),
       (499, 31, 221, '06:00:00'),
       (500, 31, 222, '06:05:00'),
       (501, 31, 223, '06:08:00'),
       (502, 31, 224, '06:10:00'),
       (503, 31, 225, '06:12:00'),
       (504, 31, 226, '06:15:00'),
       (505, 31, 227, '06:17:00'),
       (506, 31, 228, '06:23:00'),
       (507, 31, 229, '06:29:00'),
       (508, 31, 230, '06:34:00'),
       (509, 32, 194, '11:15:00'),
       (510, 32, 195, '11:20:00'),
       (511, 32, 196, '12:46:00'),
       (512, 32, 197, '13:03:00'),
       (513, 32, 198, '13:07:00'),
       (514, 32, 199, '13:11:00'),
       (515, 32, 200, '13:15:00'),
       (516, 32, 201, '13:20:00'),
       (517, 32, 202, '13:27:00'),
       (518, 32, 203, '13:35:00'),
       (519, 32, 204, '13:44:00'),
       (520, 32, 205, '13:49:00'),
       (521, 32, 206, '13:56:00'),
       (522, 32, 207, '14:04:00'),
       (523, 32, 208, '14:14:00'),
       (524, 32, 209, '14:23:00'),
       (525, 32, 210, '14:26:00'),
       (526, 32, 211, '14:30:00'),
       (527, 32, 212, '14:33:00'),
       (528, 32, 213, '14:37:00'),
       (529, 32, 214, '14:44:00'),
       (530, 32, 215, '14:51:00'),
       (531, 32, 216, '15:01:00'),
       (532, 32, 217, '15:07:00'),
       (533, 32, 218, '15:12:00'),
       (534, 32, 219, '15:24:00'),
       (535, 32, 220, '15:34:00'),
       (536, 32, 221, '15:40:00'),
       (537, 32, 222, '15:45:00'),
       (538, 32, 223, '15:48:00'),
       (539, 32, 224, '15:51:00'),
       (540, 32, 225, '15:53:00'),
       (541, 32, 226, '15:56:00'),
       (542, 32, 227, '15:58:00'),
       (543, 32, 228, '16:04:00'),
       (544, 32, 229, '16:10:00'),
       (545, 32, 230, '16:15:00'),
       (546, 33, 194, '17:55:00'),
       (547, 33, 195, '18:00:00'),
       (548, 33, 196, '18:24:00'),
       (549, 33, 197, '18:39:00'),
       (550, 33, 198, '18:43:00'),
       (551, 33, 199, '18:47:00'),
       (552, 33, 200, '18:51:00'),
       (553, 33, 201, '18:55:00'),
       (554, 33, 202, '19:03:00'),
       (555, 33, 203, '19:11:00'),
       (556, 33, 204, '19:20:00'),
       (557, 33, 205, '19:25:00'),
       (558, 33, 206, '19:32:00'),
       (559, 33, 207, '19:40:00'),
       (560, 33, 208, '19:50:00'),
       (561, 33, 209, '19:58:00'),
       (562, 33, 210, '20:01:00'),
       (563, 33, 211, '20:05:00'),
       (564, 33, 212, '20:08:00'),
       (565, 33, 213, '20:12:00'),
       (566, 33, 214, '20:19:00'),
       (567, 33, 215, '20:26:00'),
       (568, 33, 216, '20:36:00'),
       (569, 33, 217, '20:42:00'),
       (570, 33, 218, '20:47:00'),
       (571, 33, 219, '20:58:00'),
       (572, 33, 220, '21:07:00'),
       (573, 33, 221, '21:13:00'),
       (574, 33, 222, '21:18:00'),
       (575, 33, 223, '21:21:00'),
       (576, 33, 224, '21:24:00'),
       (577, 33, 225, '21:26:00'),
       (578, 33, 226, '21:29:00'),
       (579, 33, 227, '21:31:00'),
       (580, 33, 228, '21:37:00'),
       (581, 33, 229, '21:43:00'),
       (582, 33, 230, '21:48:00'),
       (583, 37, 259, '06:00:00'),
       (584, 37, 260, '06:05:00'),
       (585, 37, 261, '06:09:00'),
       (586, 37, 262, '06:13:00'),
       (587, 37, 263, '06:17:00'),
       (588, 37, 264, '06:21:00'),
       (589, 37, 265, '06:28:00'),
       (590, 37, 266, '06:37:00'),
       (591, 37, 267, '06:43:00'),
       (592, 38, 259, '17:40:00'),
       (593, 38, 260, '17:45:00'),
       (594, 38, 261, '17:49:00'),
       (595, 38, 262, '17:53:00'),
       (596, 38, 263, '17:57:00'),
       (597, 38, 264, '18:01:00'),
       (598, 38, 265, '18:08:00'),
       (599, 38, 266, '18:17:00'),
       (600, 38, 267, '18:23:00'),
       (601, 28, 156, '04:39:00'),
       (602, 28, 157, '04:42:00'),
       (603, 28, 158, '04:45:00'),
       (604, 28, 160, '05:02:00'),
       (605, 28, 165, '05:30:00'),
       (606, 28, 166, '05:34:00'),
       (607, 28, 167, '05:39:00'),
       (608, 28, 171, '06:04:00'),
       (609, 28, 175, '06:29:00'),
       (610, 29, 156, '17:11:00'),
       (611, 29, 157, '17:14:00'),
       (612, 29, 158, '17:17:00'),
       (613, 29, 160, '17:34:00'),
       (614, 29, 165, '18:02:00'),
       (615, 29, 166, '18:06:00'),
       (616, 29, 167, '18:10:00'),
       (617, 29, 171, '18:35:00'),
       (618, 29, 175, '19:00:00') ON CONFLICT (id) DO NOTHING;